Modelo;MAE;RMSE;MAPE (%);R2
Regresión Lineal;727.4358687393725;965.8210220594908;24.960948901220004;0.8416746974045488
Random Forest;980.1995729166671;1238.8872093676775;32.98317834932082;0.7394923044939383
Gradient Boosting;1011.3195049712435;1457.2840894498663;30.660037107693167;0.6395496385643697
