modelo,MAE,RMSE,MAPE (%),R2
Regresión Lineal,770.7179421484324,997.4395768406589,29.09446109388558,0.8311386677391277
Random Forest,1043.477404166667,1270.5700450632376,38.425056168377715,0.7259976780736623
Gradient Boosting,1111.8998676500353,1425.844524515933,34.61821360907498,0.6549346407612254
